reservoir_family,n_Founder,n_Relic,yes_Founder,yes_Relic,rate_Founder,rate_Relic,relic_minus_founder,unit_type,metric,family_rank,exact_rank_p
I2,445,133,76,54,0.1707865168539326,0.40601503759398494,0.23522852074005235,cluster,own_family_social_xsurname_xlocation,1,0.14285714285714285
J2,259,51,38,10,0.14671814671814673,0.19607843137254902,0.04936028465440229,cluster,own_family_social_xsurname_xlocation,2,0.2857142857142857
G,72,35,10,5,0.1388888888888889,0.14285714285714285,0.003968253968253954,cluster,own_family_social_xsurname_xlocation,3,0.42857142857142855
R1a,389,48,73,9,0.18766066838046272,0.1875,-1.6066838046271958e-4,cluster,own_family_social_xsurname_xlocation,4,0.5714285714285714
E,649,47,135,6,0.20801232665639446,0.1276595744680851,-0.08035275218830937,cluster,own_family_social_xsurname_xlocation,5,0.7142857142857143
R1b,122,60,35,8,0.28688524590163933,0.13333333333333333,-0.153551912568306,cluster,own_family_social_xsurname_xlocation,6,0.8571428571428571
I1,289,31,86,0,0.2975778546712803,0,-0.2975778546712803,cluster,own_family_social_xsurname_xlocation,7,1
I2,445,133,235,95,0.5280898876404494,0.7142857142857143,0.1861958266452649,cluster,own_family_near30,1,0.14285714285714285
G,72,35,29,17,0.4027777777777778,0.4857142857142857,0.08293650793650792,cluster,own_family_near30,2,0.2857142857142857
R1b,122,60,64,35,0.5245901639344263,0.5833333333333334,0.058743169398907114,cluster,own_family_near30,3,0.42857142857142855
J2,259,51,112,20,0.43243243243243246,0.39215686274509803,-0.04027556968733442,cluster,own_family_near30,4,0.5714285714285714
E,649,47,296,18,0.4560862865947612,0.3829787234042553,-0.07310756319050588,cluster,own_family_near30,5,0.7142857142857143
R1a,389,48,208,18,0.5347043701799485,0.375,-0.15970437017994854,cluster,own_family_near30,6,0.8571428571428571
I1,289,31,141,5,0.48788927335640137,0.16129032258064516,-0.3265989507757562,cluster,own_family_near30,7,1
I2,445,133,48,47,0.10786516853932585,0.3533834586466165,0.24551829010729068,cluster,own_family_cloud_xsurname_xlocation,1,0.14285714285714285
J2,259,51,21,8,0.08108108108108109,0.1568627450980392,0.07578166401695813,cluster,own_family_cloud_xsurname_xlocation,2,0.2857142857142857
G,72,35,7,5,0.09722222222222222,0.14285714285714285,0.045634920634920625,cluster,own_family_cloud_xsurname_xlocation,3,0.42857142857142855
E,649,47,89,5,0.13713405238828968,0.10638297872340426,-0.030751073664885428,cluster,own_family_cloud_xsurname_xlocation,4,0.5714285714285714
R1a,389,48,55,5,0.14138817480719795,0.10416666666666667,-0.03722150814053128,cluster,own_family_cloud_xsurname_xlocation,5,0.7142857142857143
R1b,122,60,28,3,0.22950819672131148,0.05,-0.17950819672131146,cluster,own_family_cloud_xsurname_xlocation,6,0.8571428571428571
I1,289,31,59,0,0.2041522491349481,0,-0.2041522491349481,cluster,own_family_cloud_xsurname_xlocation,7,1
I2,445,133,30,22,0.06741573033707865,0.16541353383458646,0.09799780349750781,cluster,own_family_strict_xsurname_xlocation,1,0.14285714285714285
J2,259,51,14,6,0.05405405405405406,0.11764705882352941,0.06359300476947535,cluster,own_family_strict_xsurname_xlocation,2,0.2857142857142857
G,72,35,6,5,0.08333333333333333,0.14285714285714285,0.05952380952380952,cluster,own_family_strict_xsurname_xlocation,3,0.42857142857142855
E,649,47,46,4,0.07087827426810478,0.0851063829787234,0.014228108710618623,cluster,own_family_strict_xsurname_xlocation,4,0.5714285714285714
R1a,389,48,28,4,0.07197943444730077,0.08333333333333333,0.011353898886032554,cluster,own_family_strict_xsurname_xlocation,5,0.7142857142857143
R1b,122,60,13,0,0.10655737704918032,0,-0.10655737704918032,cluster,own_family_strict_xsurname_xlocation,6,0.8571428571428571
I1,289,31,33,0,0.11418685121107267,0,-0.11418685121107267,cluster,own_family_strict_xsurname_xlocation,7,1
I2,417,128,70,52,0.16786570743405277,0.40625,0.23838429256594723,surname_region_terminal,own_family_social_xsurname_xlocation,1,0.14285714285714285
J2,249,49,38,10,0.15261044176706828,0.20408163265306123,0.051471190885992946,surname_region_terminal,own_family_social_xsurname_xlocation,2,0.2857142857142857
G,70,35,9,5,0.12857142857142856,0.14285714285714285,0.01428571428571429,surname_region_terminal,own_family_social_xsurname_xlocation,3,0.42857142857142855
R1a,375,48,73,9,0.19466666666666665,0.1875,-0.0071666666666666545,surname_region_terminal,own_family_social_xsurname_xlocation,4,0.5714285714285714
E,626,45,130,4,0.20766773162939298,0.08888888888888889,-0.11877884274050408,surname_region_terminal,own_family_social_xsurname_xlocation,5,0.7142857142857143
R1b,118,59,35,8,0.2966101694915254,0.13559322033898305,-0.16101694915254236,surname_region_terminal,own_family_social_xsurname_xlocation,6,0.8571428571428571
I1,276,31,84,0,0.30434782608695654,0,-0.30434782608695654,surname_region_terminal,own_family_social_xsurname_xlocation,7,1
I2,417,128,225,92,0.539568345323741,0.71875,0.17918165467625902,surname_region_terminal,own_family_near30,1,0.14285714285714285
G,70,35,29,17,0.4142857142857143,0.4857142857142857,0.0714285714285714,surname_region_terminal,own_family_near30,2,0.2857142857142857
R1b,118,59,64,35,0.5423728813559322,0.5932203389830508,0.05084745762711862,surname_region_terminal,own_family_near30,3,0.42857142857142855
J2,249,49,108,20,0.43373493975903615,0.40816326530612246,-0.025571674452913695,surname_region_terminal,own_family_near30,4,0.5714285714285714
E,626,45,283,17,0.4520766773162939,0.37777777777777777,-0.07429889953851615,surname_region_terminal,own_family_near30,5,0.7142857142857143
R1a,375,48,201,18,0.536,0.375,-0.16100000000000003,surname_region_terminal,own_family_near30,6,0.8571428571428571
I1,276,31,138,5,0.5,0.16129032258064516,-0.33870967741935487,surname_region_terminal,own_family_near30,7,1
I2,417,128,44,45,0.10551558752997602,0.3515625,0.24604691247002397,surname_region_terminal,own_family_cloud_xsurname_xlocation,1,0.14285714285714285
J2,249,49,21,8,0.08433734939759036,0.16326530612244897,0.07892795672485861,surname_region_terminal,own_family_cloud_xsurname_xlocation,2,0.2857142857142857
G,70,35,7,5,0.1,0.14285714285714285,0.042857142857142844,surname_region_terminal,own_family_cloud_xsurname_xlocation,3,0.42857142857142855
R1a,375,48,55,5,0.14666666666666667,0.10416666666666667,-0.042499999999999996,surname_region_terminal,own_family_cloud_xsurname_xlocation,4,0.5714285714285714
E,626,45,87,3,0.1389776357827476,0.06666666666666667,-0.07231096911608094,surname_region_terminal,own_family_cloud_xsurname_xlocation,5,0.7142857142857143
R1b,118,59,28,3,0.23728813559322035,0.05084745762711865,-0.1864406779661017,surname_region_terminal,own_family_cloud_xsurname_xlocation,6,0.8571428571428571
I1,276,31,58,0,0.21014492753623187,0,-0.21014492753623187,surname_region_terminal,own_family_cloud_xsurname_xlocation,7,1
I2,417,128,27,20,0.06474820143884892,0.15625,0.09150179856115108,surname_region_terminal,own_family_strict_xsurname_xlocation,1,0.14285714285714285
J2,249,49,14,6,0.05622489959839357,0.12244897959183673,0.06622407999344315,surname_region_terminal,own_family_strict_xsurname_xlocation,2,0.2857142857142857
G,70,35,6,5,0.08571428571428572,0.14285714285714285,0.057142857142857134,surname_region_terminal,own_family_strict_xsurname_xlocation,3,0.42857142857142855
R1a,375,48,28,4,0.07466666666666667,0.08333333333333333,0.008666666666666656,surname_region_terminal,own_family_strict_xsurname_xlocation,4,0.5714285714285714
E,626,45,45,2,0.07188498402555911,0.044444444444444446,-0.027440539581114663,surname_region_terminal,own_family_strict_xsurname_xlocation,5,0.7142857142857143
R1b,118,59,13,0,0.11016949152542373,0,-0.11016949152542373,surname_region_terminal,own_family_strict_xsurname_xlocation,6,0.8571428571428571
I1,276,31,32,0,0.11594202898550725,0,-0.11594202898550725,surname_region_terminal,own_family_strict_xsurname_xlocation,7,1
I2,411,132,73,53,0.17761557177615572,0.4015151515151515,0.22389957973899577,location_terminal,own_family_social_xsurname_xlocation,1,0.14285714285714285
J2,241,51,36,10,0.14937759336099585,0.19607843137254902,0.04670083801155317,location_terminal,own_family_social_xsurname_xlocation,2,0.2857142857142857
G,72,35,10,5,0.1388888888888889,0.14285714285714285,0.003968253968253954,location_terminal,own_family_social_xsurname_xlocation,3,0.42857142857142855
R1a,370,47,70,9,0.1891891891891892,0.19148936170212766,0.0023001725129384587,location_terminal,own_family_social_xsurname_xlocation,4,0.5714285714285714
E,604,46,125,6,0.20695364238410596,0.13043478260869565,-0.07651885977541031,location_terminal,own_family_social_xsurname_xlocation,5,0.7142857142857143
R1b,116,56,33,8,0.28448275862068967,0.14285714285714285,-0.14162561576354682,location_terminal,own_family_social_xsurname_xlocation,6,0.8571428571428571
I1,271,28,78,0,0.2878228782287823,0,-0.2878228782287823,location_terminal,own_family_social_xsurname_xlocation,7,1
I2,411,132,222,94,0.5401459854014599,0.7121212121212122,0.1719752267197523,location_terminal,own_family_near30,1,0.14285714285714285
G,72,35,29,17,0.4027777777777778,0.4857142857142857,0.08293650793650792,location_terminal,own_family_near30,2,0.2857142857142857
R1b,116,56,60,32,0.5172413793103449,0.5714285714285714,0.054187192118226535,location_terminal,own_family_near30,3,0.42857142857142855
J2,241,51,108,20,0.44813278008298757,0.39215686274509803,-0.055975917337889536,location_terminal,own_family_near30,4,0.5714285714285714
E,604,46,275,18,0.4552980132450331,0.391304347826087,-0.06399366541894613,location_terminal,own_family_near30,5,0.7142857142857143
R1a,370,47,201,18,0.5432432432432432,0.3829787234042553,-0.16026451983898793,location_terminal,own_family_near30,6,0.8571428571428571
I1,271,28,127,4,0.46863468634686345,0.14285714285714285,-0.3257775434897206,location_terminal,own_family_near30,7,1
I2,411,132,45,46,0.10948905109489052,0.3484848484848485,0.238995797389958,location_terminal,own_family_cloud_xsurname_xlocation,1,0.14285714285714285
J2,241,51,21,8,0.08713692946058091,0.1568627450980392,0.0697258156374583,location_terminal,own_family_cloud_xsurname_xlocation,2,0.2857142857142857
G,72,35,7,5,0.09722222222222222,0.14285714285714285,0.045634920634920625,location_terminal,own_family_cloud_xsurname_xlocation,3,0.42857142857142855
E,604,46,82,5,0.1357615894039735,0.10869565217391304,-0.02706593723006047,location_terminal,own_family_cloud_xsurname_xlocation,4,0.5714285714285714
R1a,370,47,52,5,0.14054054054054055,0.10638297872340426,-0.03415756181713629,location_terminal,own_family_cloud_xsurname_xlocation,5,0.7142857142857143
R1b,116,56,26,3,0.22413793103448276,0.05357142857142857,-0.1705665024630542,location_terminal,own_family_cloud_xsurname_xlocation,6,0.8571428571428571
I1,271,28,51,0,0.1881918819188192,0,-0.1881918819188192,location_terminal,own_family_cloud_xsurname_xlocation,7,1
I2,411,132,28,22,0.0681265206812652,0.16666666666666666,0.09854014598540145,location_terminal,own_family_strict_xsurname_xlocation,1,0.14285714285714285
J2,241,51,14,6,0.058091286307053944,0.11764705882352941,0.059555772516475466,location_terminal,own_family_strict_xsurname_xlocation,2,0.2857142857142857
G,72,35,6,5,0.08333333333333333,0.14285714285714285,0.05952380952380952,location_terminal,own_family_strict_xsurname_xlocation,3,0.42857142857142855
R1a,370,47,26,4,0.07027027027027027,0.0851063829787234,0.014836112708453128,location_terminal,own_family_strict_xsurname_xlocation,4,0.5714285714285714
E,604,46,44,4,0.0728476821192053,0.08695652173913043,0.014108839619925137,location_terminal,own_family_strict_xsurname_xlocation,5,0.7142857142857143
I1,271,28,30,0,0.11070110701107011,0,-0.11070110701107011,location_terminal,own_family_strict_xsurname_xlocation,6,0.8571428571428571
R1b,116,56,13,0,0.11206896551724138,0,-0.11206896551724138,location_terminal,own_family_strict_xsurname_xlocation,7,1
